Id,ProductID,Amount
19c36a0c-86ac-4cc1-ace7-cadd13cfc2f0,TX-302587,1
19c36a0c-86ac-4cc1-ace7-cadd13cfc2f0,NETGEAR-CM1000,1
19c36a0c-86ac-4cc1-ace7-cadd13cfc2f0,PRINT-WELCOME,1
19c36a0c-86ac-4cc1-ace7-cadd13cfc2f0,#830012,1
724d5d24-a723-4265-93b2-05c571546566,TX-302587,1
724d5d24-a723-4265-93b2-05c571546566,NETGEAR-CM1000,1
724d5d24-a723-4265-93b2-05c571546566,PRINT-WELCOME,1
724d5d24-a723-4265-93b2-05c571546566,#830012,1
0aa780fa-4a1d-4e04-8cd1-21fb2b1ee72f,PRINT-OPSIGELSE,1
0aa780fa-4a1d-4e04-8cd1-21fb2b1ee72f,#830012,1
0aa780fa-4a1d-4e04-8cd1-21fb2b1ee72f,LABEL-RETUR,1
81339f28-d64d-4039-ba8b-cd23721bd08d,TX-302587,1
81339f28-d64d-4039-ba8b-cd23721bd08d,NETGEAR-CM1000,1
81339f28-d64d-4039-ba8b-cd23721bd08d,PRINT-WELCOME,1
81339f28-d64d-4039-ba8b-cd23721bd08d,#830012,1
f43f4f8e-354e-4462-813e-f478383a9732,NETGEAR-CM1000,1
f43f4f8e-354e-4462-813e-f478383a9732,PRINT-OPGRADE,1
f43f4f8e-354e-4462-813e-f478383a9732,#830012,1
f43f4f8e-354e-4462-813e-f478383a9732,LABEL-RETUR,1
5422baf2-1c03-4c99-a2aa-e8a5666b25c1,NETGEAR-CM1000,1
5422baf2-1c03-4c99-a2aa-e8a5666b25c1,PRINT-OPGRADE,1
5422baf2-1c03-4c99-a2aa-e8a5666b25c1,#830012,1
5422baf2-1c03-4c99-a2aa-e8a5666b25c1,LABEL-RETUR,1
73d97722-ffb6-4112-a2e0-8c2fbc90f292,NETGEAR-CM1000,1
73d97722-ffb6-4112-a2e0-8c2fbc90f292,PRINT-OPGRADE,1
73d97722-ffb6-4112-a2e0-8c2fbc90f292,#830012,1
73d97722-ffb6-4112-a2e0-8c2fbc90f292,LABEL-RETUR,1
c27c77e9-b636-4515-a94a-1b0c8f0f283a,NETGEAR-CM1000,1
c27c77e9-b636-4515-a94a-1b0c8f0f283a,PRINT-OPGRADE,1
c27c77e9-b636-4515-a94a-1b0c8f0f283a,#830012,1
c27c77e9-b636-4515-a94a-1b0c8f0f283a,LABEL-RETUR,1
78db37c7-5b9c-4df8-8c54-bfdd0567053f,NETGEAR-CM1000,1
78db37c7-5b9c-4df8-8c54-bfdd0567053f,PRINT-OPGRADE,1
78db37c7-5b9c-4df8-8c54-bfdd0567053f,#830012,1
78db37c7-5b9c-4df8-8c54-bfdd0567053f,LABEL-RETUR,1
8af7a698-4b89-4996-9059-896f743eece2,NETGEAR-CM1000,1
8af7a698-4b89-4996-9059-896f743eece2,PRINT-OPGRADE,1
8af7a698-4b89-4996-9059-896f743eece2,#830012,1
8af7a698-4b89-4996-9059-896f743eece2,LABEL-RETUR,1
93bae06a-86c1-456e-acfb-3e9f9787b62c,TX-302587,1
93bae06a-86c1-456e-acfb-3e9f9787b62c,NETGEAR-CM1000,1
93bae06a-86c1-456e-acfb-3e9f9787b62c,PRINT-WELCOME,1
93bae06a-86c1-456e-acfb-3e9f9787b62c,#830012,1
7d18623d-44bc-40f7-a5de-61e8a32700e3,NETGEAR-CM1000,1
7d18623d-44bc-40f7-a5de-61e8a32700e3,PRINT-OPGRADE,1
7d18623d-44bc-40f7-a5de-61e8a32700e3,#830012,1
7d18623d-44bc-40f7-a5de-61e8a32700e3,LABEL-RETUR,1
28e2a754-2ee5-45f0-b884-0c88e0b746c9,NETGEAR-CM1000,1
28e2a754-2ee5-45f0-b884-0c88e0b746c9,PRINT-OPGRADE,1
28e2a754-2ee5-45f0-b884-0c88e0b746c9,#830012,1
28e2a754-2ee5-45f0-b884-0c88e0b746c9,LABEL-RETUR,1
365a8b29-8d04-4a28-9af6-14bdf2eef480,NETGEAR-CM1000,1
365a8b29-8d04-4a28-9af6-14bdf2eef480,PRINT-OPGRADE,1
365a8b29-8d04-4a28-9af6-14bdf2eef480,#830012,1
365a8b29-8d04-4a28-9af6-14bdf2eef480,LABEL-RETUR,1
8d4f3b3d-7773-461f-bee4-77a8f5b76147,PRINT-OPSIGELSE,1
8d4f3b3d-7773-461f-bee4-77a8f5b76147,#830012,1
8d4f3b3d-7773-461f-bee4-77a8f5b76147,LABEL-RETUR,1
dba31b3e-abff-4957-b16f-496af79c3812,PRINT-OPSIGELSE,1
dba31b3e-abff-4957-b16f-496af79c3812,#830012,1
dba31b3e-abff-4957-b16f-496af79c3812,LABEL-RETUR,1
2a580fe0-8431-4d0a-b10d-c03933f72efb,NETGEAR-CM1000,1
2a580fe0-8431-4d0a-b10d-c03933f72efb,PRINT-OPGRADE,1
2a580fe0-8431-4d0a-b10d-c03933f72efb,#830012,1
2a580fe0-8431-4d0a-b10d-c03933f72efb,LABEL-RETUR,1
3521bb23-937c-407d-90d9-93c074adb24e,TX-302587,1
3521bb23-937c-407d-90d9-93c074adb24e,NETGEAR-CM1000,1
3521bb23-937c-407d-90d9-93c074adb24e,PRINT-WELCOME,1
3521bb23-937c-407d-90d9-93c074adb24e,#830012,1
0e801923-4ea3-4caf-8f96-7baea0b48b99,NETGEAR-CM1000,1
0e801923-4ea3-4caf-8f96-7baea0b48b99,PRINT-OPGRADE,1
0e801923-4ea3-4caf-8f96-7baea0b48b99,#830012,1
0e801923-4ea3-4caf-8f96-7baea0b48b99,LABEL-RETUR,1
